Date,City,Country,Temp,Humidity,Cloud,Wind,Latitude,Longitude
1551301200,broken hill,Australia,77,23,0,8.05,-32.10288742770803,143.48055159515565
1551304495,amahai,Indonesia,81.36,100,64,6.73,-1.5821430442817785,128.73353979511938
1551303878,kerrobert,Canada,17.29,61,40,16.11,51.69873536147372,-108.61413944581945
1551304034,rikitea,French Polynesia,79.87,100,64,9.75,-59.53738208389879,-123.62507830906793
1551304496,upernavik,Greenland,5.31,100,0,22.28,80.76411032005632,-48.996389897024784
1551304267,cape town,South Africa,63.57,77,75,5.82,-62.64381341852368,0.5796208118231903
1551304455,nome,United States,67.48,100,90,7.74,68.95696782066645,-163.8328754472276
1551304205,tuatapere,New Zealand,55,63,92,10,-54.17663307793084,159.46631675914205
1551304497,martapura,Indonesia,76.23,100,24,3.6,-4.978738098660628,115.48672595901718
1551304318,georgetown,"Saint Helena, Ascension and Tristan da Cunha",79.65,100,100,12.44,-17.755385189736003,-19.97174464828666
1551303767,busselton,Australia,60.64,48,0,14,-36.99667370069979,99.18264540844172
1551304419,torbay,Canada,23.45,79,75,38.03,42.592837065542625,-50.049093697498535
1551301200,tarata,Peru,77,50,20,11.41,-17.896613359869633,-68.98502388999964
1551303605,bluff,New Zealand,55,65,80,10,-87.58144371720026,156.62635510110653
1551300600,narsaq,Greenland,41,38,64,42.5,84.1865101191683,-59.59715867945715
1551304500,latung,Philippines,80.82,100,48,4.83,4.062928734719321,121.93526511247018
1551301200,natal,Brazil,83.28,70,40,11.41,-2.8896087699483672,-26.99558594846394
1551304500,plettenberg bay,South Africa,64.03,94,0,11.99,-45.84303142578436,23.84531868037496
1551304481,kruisfontein,South Africa,62.5,78,44,13.67,-40.33736897771297,25.38746771134953
1551301200,comodoro rivadavia,Argentina,69.8,32,0,9.17,-45.75367961854484,-69.5874719228163
1551301200,norman wells,Canada,21.2,67,75,8.05,63.1205819565827,-124.67282528163105
1551304267,pevek,Russian Federation,13.14,69,8,28.88,78.84669659968847,166.1753260719446
1551304147,lorengau,Papua New Guinea,78.7,100,92,5.28,0.8599223296556602,144.4491208823634
1551304453,cherskiy,Russian Federation,-1.99,80,88,7.07,73.94018843021092,158.2171108696449
1551304356,tonneins,France,51.87,75,0,2.24,44.29338123835666,0.3452884167038519
1551301200,zhoucheng,China,42.8,93,90,2.24,23.997377824518125,102.26713287265108
1551301200,aklavik,Canada,14.31,85,5,5.82,78.74381543280467,-144.133202130618
1551303841,souillac,Mauritius,81.61,78,40,8.05,-33.87210084674747,65.11918167734603
1551304504,fuente de oro,Colombia,89.5,26,8,2.93,3.535174782745031,-73.5751399937615
1551304230,khandyga,Russian Federation,-20.48,57,32,2.59,64.82471957767078,135.9811859455608
1551304082,ahipara,New Zealand,71.01,100,12,1.01,-32.627439501055285,168.28393023019436
1551301200,anloga,Ghana,84.2,79,20,5.82,2.073098386593969,1.6076955956434347
1551304515,luderitz,Namibia,64.08,70,0,19.71,-26.945002719282343,3.510634512348105
1551301200,dubbo,Australia,68,60,88,12.75,-32.10766801104061,148.19002510585142
1551304097,kapaa,United States,72.7,53,75,20.8,34.91431683564929,-174.55019146215776
1551304515,soe,Indonesia,66.96,94,24,1.48,-11.373596756262785,125.58140522675154
1551304516,lumphat,Cambodia,74.43,61,0,4.83,14.377542742015677,106.76311193412266
1551304050,hilo,United States,67.59,73,90,16.11,3.438198740732034,-162.93430716155734
1551303796,punta arenas,Chile,52.16,71,90,20.8,-86.77050785115209,-95.66698428907931
1551301200,touros,Brazil,82.4,78,20,9.17,1.3681349060966852,-27.124040515682765
1551304168,saskylakh,Russian Federation,-19.45,82,64,3.15,87.70067908243766,114.92320777481626
1551304266,freeport,United States,22.23,73,1,13.87,28.424442644274137,-95.07900619951192
1551301200,ushuaia,Argentina,48.4,87,75,27.51,-70.36964662664815,-60.98213899350817
1551304517,pampierstad,South Africa,69.43,26,0,8.75,-27.364618162146485,24.158375328089647
1551304517,labuhan,Indonesia,74.83,94,92,1.59,-13.545833035374244,99.42539519621926
1551301200,tuktoyaktuk,Canada,-0.41,77,20,16.11,84.35872436193165,-131.18230270368625
1551304007,barrow,United States,30.49,79,90,14.99,70.3878520916698,-153.58202645964758
1551301200,saldanha,South Africa,62.6,72,0,1.12,-36.655378520505565,5.487493162944389
1551304519,san isidro,Philippines,60.66,79,0,3.49,7.1402702412933365,126.69702960044782
1551300960,bethel,United States,36.05,80,1,19.46,64.38430633214557,-161.78488370533444
1551302820,sundumbili,South Africa,68,88,75,4.7,-29.155906650653804,31.500965589238177
1551304520,manzhouli,China,7.47,63,0,6.06,45.71231355663926,117.08864708138134
1551301200,talcahuano,Chile,66.2,63,0,12.75,-32.3812185392455,-80.94295513442124
1551304506,natchez,United States,74.44,78,90,6.93,31.78529997111714,-91.48808147384163
1551303908,hithadhoo,Maldives,81.54,100,24,8.97,-23.499734154359857,84.09950987854438
1551304522,kendal,Indonesia,69.84,97,0,2.37,-6.606083756280924,110.10724917975654
1551304266,halifax,Canada,16.86,48,20,21.92,38.804845575699204,-60.47095166332309
1551304522,samarai,Papua New Guinea,81.13,100,80,11.54,-16.32364226754585,155.02659917150692
1551303864,atuona,French Polynesia,80.68,100,32,5.17,-2.4135235687561902,-122.7060700264424
1551301200,arraial do cabo,Brazil,80.6,83,40,12.75,-35.004331556631655,-34.294531036673874
1551304428,atambua,Indonesia,77.58,100,56,3.49,-7.194652512511965,127.62759664067687
1551304354,roswell,United States,72.55,11,1,4.72,33.574767143136825,-103.83371701501774
1551303000,noumea,New Caledonia,75.2,78,75,12.75,-24.172993730398616,164.56457496271844
1551301200,vaini,Tonga,80.6,100,75,17.22,-55.14545305626836,-174.4747726204794
1551304488,sovetskiy,Russian Federation,25.11,92,88,8.08,68.87163976582309,65.71835915602759
1551301200,mackenzie,Canada,23,57,1,11.41,56.538077589143796,-122.37064287583632
1551304524,montecristo,Colombia,91.48,43,68,2.26,8.135220400760872,-74.53249529692198
1551303971,aurillac,France,47.14,69,0,4.7,44.85572753008779,2.6958637634452884
1551300600,skjervoy,Norway,24.8,62,20,14.99,72.70090147186596,19.59899993934937
1551300600,salalah,Oman,75.2,69,0,3.36,19.127667199555873,52.11796218186285
1551304535,san juan,Argentina,84.55,31,0,3.38,-31.261800699051044,-69.6470751646276
1551304505,fortuna,United States,44.19,100,40,10.29,38.71844932606206,-135.72135207172408
1551301200,albany,Australia,64.4,82,90,2.24,-69.57683831267585,98.36931692459495
1551303914,dikson,Russian Federation,0.63,91,56,34.92,83.94793591840926,69.10531488273202
1551304068,jamestown,"Saint Helena, Ascension and Tristan da Cunha",77.08,99,88,16.02,-12.650357616778535,-1.9638973744984298
1551301200,thompson,Canada,14,72,90,9.17,66.02788716580861,-101.17149515824977
1551304180,kodiak,United States,18.95,31,1,13.87,47.19531312145608,-153.03135874857477
1551301200,puerto ayora,Ecuador,86,70,20,8.05,2.2240175040497974,-89.43126399387918
1551304282,port alfred,South Africa,60.93,84,32,3,-84.97171913481048,49.44427071157244
1551304302,celestun,Mexico,80.37,90,32,9.19,22.15272532338551,-93.66670049978134
1551304537,mundo novo,Brazil,73.44,96,92,5.5,-11.789105560850288,-40.363804384560154
1551304477,ierapetra,Greece,49.28,53,40,25.28,33.85361003140345,25.870854704812473
1551304356,pacific grove,United States,58.8,52,1,11.41,25.657633783603913,-136.00137147337162
1551303155,hermanus,South Africa,63.75,77,8,7,-51.83238343751819,8.695049602417129
1551304014,petawawa,Canada,9.19,42,40,4.7,45.6157286702836,-77.41200249543401
1551304293,kaitangata,New Zealand,53.01,66,64,7,-64.26053307101546,173.06972170313963
1551304514,new norfolk,Australia,57.7,82,0,2.93,-53.13123283463874,135.96079083300054
1551304539,sawakin,Sudan,69.25,93,0,8.41,20.98120744851812,36.51180271986368
1551303871,qaanaaq,Greenland,-19.22,81,0,2.37,79.05520072672604,-83.15346415707276
1551302400,havoysund,Norway,22.98,73,90,20.8,75.40352508837998,23.27165246456775
1551301200,la ronge,Canada,19.4,62,90,21.92,58.15275074406654,-104.82664648465362
1551304540,boende,"Congo, The Democratic Republic of the",73.48,95,100,0.92,0.22496789595575706,21.071336601825806
1551304324,maketu,New Zealand,69.01,67,0,3,-37.42179203407266,176.45543891893726
1551304505,ullapool,United Kingdom,42.01,90,0,2.15,57.83221388597042,-5.250506193195662
1551304340,dali,China,42.97,98,20,3.83,25.263441584809357,101.31533646354171
1551304542,vallenar,Chile,73.44,63,12,2.71,-28.803141658119443,-71.95234480440003
1551301200,port elizabeth,South Africa,62.6,77,0,10.29,-80.14936158254946,33.07323960848041
1551304313,port blair,India,82.75,100,0,8.75,9.42960119518311,93.09413056160844
1551303000,can tho,Viet Nam,77,83,0,4.7,9.976150658146423,105.94740579300606
1551304039,hobart,Australia,56.59,82,0,3.71,-64.65618160365497,143.68359752044427
1551301200,sao joao da barra,Brazil,84.2,70,0,18.34,-31.51440070693218,-23.224334344113544
1551304543,marsa matruh,Egypt,54.18,65,8,14,31.80925052934569,26.930596675630113
1551301800,chapais,Canada,6.8,60,75,8.05,50.87043377954254,-73.2589924664114
1551304511,gold coast,Australia,70.83,69,90,5.82,-27.093415827591492,155.84707407910122
1551301200,ponta do sol,Cabo Verde,71.6,56,20,18.34,24.724136516757937,-31.024907002988016
1551304554,karoi,Zimbabwe,67.63,81,0,3.04,-16.64588933898692,30.13111637011329
1551304555,poum,New Caledonia,77.98,100,8,23.85,-18.064530622945213,156.76035734259045
1551304456,abu kamal,Syrian Arab Republic,51.43,73,48,6.62,35.094452123095294,40.92884880584984
1551303926,tiksi,Russian Federation,-23.32,33,0,5.5,70.21819721470916,129.6698076217324
1551303000,grindavik,Iceland,42.06,86,75,14.99,52.510798387146906,-24.31280838993831
1551301200,port hardy,Canada,35.6,59,75,2.24,41.58659101017983,-140.59899772707212
1551304547,fernandina beach,United States,68.45,82,75,4.7,30.557187059812065,-81.22822839960011
1551301200,jacqueville,Côte d'Ivoire,82.4,78,20,4.7,2.0399383040793566,-4.144751376510584
1551304370,dunedin,New Zealand,53.01,62,32,11.99,-57.12254351965354,178.23831498279628
1551304512,shimoda,Japan,44.96,92,88,1.99,22.64302154147005,142.61548016231677
1551304507,esmeraldas,Ecuador,85.06,70,75,2.24,1.8022992810934255,-80.55138551391049
1551304486,mago,Russian Federation,1.3,59,0,4.61,53.28021766568952,140.37105277343937
1551303917,provideniya,Russian Federation,31,92,92,34.02,49.414281818841005,-173.75514206413382
1551303892,butaritari,Kiribati,81.09,100,64,16.02,3.3435828009822472,170.38898203117316
1551304325,saint george,Bermuda,61.79,52,75,4.7,30.38812022513966,-62.613244701348975
1551304251,chokurdakh,Russian Federation,-10.45,70,80,12.77,81.87770174567731,152.55393046791232
1551301200,mbini,Equatorial Guinea,77,100,40,4.72,1.4061425537583148,8.317388314430104
1551304558,tabas,"Iran, Islamic Republic of",50.31,69,20,6.06,33.57933601103191,57.22268720150632
1551304559,mogzon,Russian Federation,4.63,53,0,4.5,51.45626903442971,112.09986115170989
1551304559,gornopravdinsk,Russian Federation,5.76,72,48,3.49,62.94375065550261,69.36174248370568
1551301200,victoria,Seychelles,78.8,88,20,4.7,-1.3709245642079964,63.34527928432482
1551304514,zyryanka,Russian Federation,-11.48,73,76,3.6,65.63511206670842,151.53587570662222
1551304036,yellowknife,Canada,9.66,60,20,18.34,83.71740132997391,-113.2903685402419
1551301200,male,Maldives,80.6,78,20,3.36,4.121393144824779,76.86616852495996
1551301200,riyadh,Saudi Arabia,69.8,35,75,9.53,24.362615033895295,46.35170861135293
1551304004,mazatlan,Mexico,77.31,39,75,13.87,22.970929461247195,-107.14585219367352
1551304560,pahalgam,India,-8.74,59,12,1.81,34.307149656089976,75.15557758286772
1551304511,atikokan,Canada,10.48,57,0,7.74,48.214294294494664,-91.43501028404731
1551304386,korla,China,30.79,84,32,5.99,39.92194169885113,89.45937030430417
1551304561,udachnyy,Russian Federation,7.74,70,64,4.16,66.98352967767354,113.49780443250029
1551304330,severo-kurilsk,Russian Federation,25.11,100,56,24.07,41.559501620072524,161.52090455449252
1551304561,mizusawa,Japan,27.9,82,92,1.48,39.15454362130342,140.97370586375627
1551304371,tateyama,Japan,41,93,90,1.12,32.19934799693881,140.72104872376303
1551303812,hasaki,Japan,42.39,100,90,6.93,24.473369448728548,161.53814851983412
1551304372,moose jaw,Canada,13.19,61,20,25.28,50.4423667645533,-105.24009729579474
1551304503,banda aceh,Indonesia,74.83,100,64,2.71,5.076852266842039,89.24283370758837
1551304209,college,United States,14.58,84,1,3.38,68.36462974443282,-150.90045155931426
1551301200,oussouye,Senegal,78.85,53,0,2.24,11.654664292458733,-19.71347874276327
1551301200,tovarkovo,Russian Federation,28.4,74,36,8.95,54.61563610391275,35.766141049567096
1551304436,east london,South Africa,70.78,100,0,15.46,-66.88510649807712,46.987913537944394
1551304573,kargasok,Russian Federation,15.03,80,64,6.96,60.50535888043274,81.42614687837477
1551304530,nanakuli,United States,70.57,93,75,12.75,20.362843038257367,-159.4017482900921
1551304574,zaykovo,Russian Federation,1.03,60,24,3.15,58.322621099343024,62.64833408244678
1551304023,bredasdorp,South Africa,65.3,63,48,19.46,-71.54217712089178,18.302545839504745
1551304574,mana,French Guiana,81.13,65,88,5.61,5.484955431922373,-53.63562102579448
1551304575,agboville,Côte d'Ivoire,80.19,66,20,6.96,6.037823024220401,-4.178353740993202
1551304540,chuy,Uruguay,71.37,72,0,6.51,-58.564083350107246,-30.515891288069213
1551304140,quatre cocos,Mauritius,81.7,78,40,8.05,-16.06913062510911,65.9768706342914
1551304575,senanga,Zambia,76.9,56,32,7.18,-16.521609903701375,22.942152596487574
1551304462,vao,New Caledonia,78.3,99,48,28.43,-26.32660800734947,169.77864373703744
1551304150,meulaboh,Indonesia,79.47,100,36,3.49,3.4806522993245324,93.97519253469181
1551304566,traismauer,Austria,38.82,69,0,4.7,48.359344763829,15.683050988159522
1551303540,flin flon,Canada,23,67,90,17.22,64.5545154704408,-102.53249276664478
1551304576,vitim,Russian Federation,13.72,76,76,3.71,60.76576471786481,110.48523964250165
1551304576,lompoc,United States,56.53,82,90,14.99,24.63455118679886,-128.60308239690687
1551304351,axim,Ghana,83.38,97,36,11.99,-1.8613106274534772,-4.065654857122752
1551304140,mahebourg,Mauritius,81.63,78,40,8.05,-45.72745957764037,79.63262458217889
1551301200,castro,Chile,62.6,63,12,6.93,-53.194583245143924,-102.37491066483727
1551303968,surin,Thailand,76.91,78,20,1.12,15.049169114739982,103.77160447537523
1551301200,port hedland,Australia,80.6,88,0,5.82,-25.212629066017243,123.2994314640768
1551304578,kayes,Mali,73.57,24,32,13.22,14.993548352445032,-11.63933563686561
1551304163,nanortalik,Greenland,35.28,89,8,54.27,54.422924159645646,-36.28580519301053
1551304445,caravelas,Brazil,83.43,100,80,16.35,-17.728088121519875,-37.85675123569757
1551304228,saint-joseph,Réunion,76.59,69,0,6.93,-22.296979650846666,55.761114975155465
1551301200,puerto baquerizo moreno,Ecuador,77,100,75,4.7,0.8346552984850177,-89.51407611571267
1551303000,esperance,Australia,66.2,93,75,3.36,-43.13222968123023,123.02041933700656
1551304487,portland,Australia,63.39,91,76,3,-58.9810888052269,129.08137560781506
1551301200,shebunino,Russian Federation,24.8,79,90,8.95,46.18335690294862,141.93954864552336
1551301200,lanzhou,China,15.8,92,44,4.47,36.17892790060705,104.11440998011562
1551303240,havre-saint-pierre,Canada,14,61,90,16.11,52.08000031176823,-64.82237483400911
1551304592,salinopolis,Brazil,80.64,98,92,11.21,4.171374812921428,-45.82598329699593
1551304593,semnan,"Iran, Islamic Republic of",35.64,81,0,7.4,34.825099879009215,53.69498431402829
1551304248,nikolskoye,Russian Federation,35.64,80,90,11.18,40.348616926917174,176.86616177288477
1551303000,avarua,Cook Islands,82.4,74,0,11.41,-12.396040708914171,-160.75550501647538
1551304593,khuzdar,Pakistan,35.68,45,64,0.69,27.49454272434744,66.20673374167853
1551304593,jiwani,Pakistan,65.25,89,36,7.18,25.1309241539186,61.6083824145075
1551304441,bambous virieux,Mauritius,81.66,78,40,8.05,-28.720147345833276,74.82400786628716
1551304594,padang,Indonesia,75.96,100,88,5.73,-4.519650441547995,96.53859726772674
1551304595,weligama,Sri Lanka,74.16,100,88,2.82,4.015181244233062,79.47565796044807
1551301200,bandar-e lengeh,"Iran, Islamic Republic of",66.2,88,100,2.24,26.511868717913885,53.977887466204294
1551304596,tungor,Russian Federation,0.72,82,0,8.3,53.00310930856054,142.2959179128555
1551304082,kaeo,New Zealand,68.9,100,24,1.01,-31.89500423883858,173.33798580331256
1551304596,kysyl-syr,Russian Federation,-2.26,81,48,2.82,64.5117564459386,124.5031367197605
1551304597,granada,Philippines,71.01,81,12,9.08,11.670825426133561,123.2258396271053
1551301200,ribeira grande,Portugal,60.8,93,40,10.29,28.537505154801465,-33.09190166035091
1551304597,vengerovo,Russian Federation,12.73,82,64,9.98,55.64567930351001,77.3523754296973
1551300600,vardo,Norway,19.81,67,40,18.34,86.10475262564108,37.96749020191004
1551301200,coihaique,Chile,65.19,45,0,6.93,-48.64614185957997,-79.62270668560323
1551304572,san cristobal,Ecuador,66.78,100,80,3.15,-10.500426594123553,-89.57467553917556
1551301200,isangel,Vanuatu,80.6,78,75,10.29,-23.48980698177884,178.47989260401096
1551304598,baruun-urt,Mongolia,8.01,59,0,0.92,46.134014554883805,113.2390790388132
1551302400,hayrabolu,Turkey,34.66,80,75,9.17,41.280065004860774,26.942059213886438
1551304373,whitehorse,Canada,13.46,72,5,3.15,61.5288486545339,-130.2552673735413
1551304248,necochea,Argentina,61,65,64,4,-50.09759089392934,-54.56716326111919
1551301200,maldonado,Uruguay,66.2,39,20,11.41,-38.468302832257706,-52.73189050881929
1551304599,shaowu,China,43.92,100,88,2.26,27.15699185560875,117.75766654889088
1551304600,kavieng,Papua New Guinea,79.78,100,88,4.94,7.31603544676787,154.64197738669196
1551304442,hereford,United States,31.41,55,1,12.75,34.32796669236886,-102.33518536081833
1551304602,zhigansk,Russian Federation,-12.25,57,48,3.27,70.13537854041326,123.98922449267366
1551304534,payson,United States,43.07,87,90,3.94,33.93376151499085,-110.70802738827466
1551304602,deputatskiy,Russian Federation,-28.99,43,48,2.82,71.82208855063203,141.34591366276902
1551304560,port hawkesbury,Canada,12.87,66,1,20.8,44.720015352894876,-60.86687820040163
1551303615,constitucion,Mexico,82.22,7,75,6.93,15.087078985656433,-122.18944418220762
1551303960,wawa,Canada,14,78,75,6.93,47.85676010938329,-85.61431080144011
1551301200,port-gentil,Gabon,78.8,94,20,4.7,-3.5705663756052815,2.984673350871816
1551301330,walvis bay,Namibia,66.07,68,0,3.36,-25.80327869895683,2.979371974096466
1551304614,izhma,Russian Federation,7.47,66,64,6.62,64.88507001999795,55.00533008172624
1551304614,el jicaro,Guatemala,81.13,32,0,1.92,14.921055031232882,-90.3087152153932
1551304397,gainesville,United States,67.68,94,90,5.82,33.6262573829802,-96.94020365158042
1551300960,fallon,United States,8.6,60,1,11.41,39.476919069215825,-118.92748769021898
1551304615,jardim,Brazil,75.28,94,92,5.73,1.8286643565355547,-34.954741318879854
1551304496,tocopilla,Chile,70.92,71,8,6.06,-22.044635985056516,-72.74534460110948
1551304506,luganville,Vanuatu,79.92,100,92,15.57,-14.858579665242615,167.29312313154156
1551304616,yartsevo,Russian Federation,29.02,89,92,14.34,55.16849308783878,32.78901804436623
1551304592,worthington,United States,7.9,71,1,11.41,43.46807162576272,-95.4005454195383
1551301200,port moresby,Papua New Guinea,78.8,88,20,8.05,-9.366766243869137,147.53839314052226
1551304617,tazovskiy,Russian Federation,-10.81,71,48,21.5,69.9009890173075,76.10893557256236
1551304618,kondagaon,India,60.39,93,0,4.94,19.55871456278797,81.69386586998263
1551304110,alamosa,United States,42.78,51,75,5.82,37.95402612499839,-106.16064622773847
1551301200,nipawin,Canada,23,67,90,17.22,53.904904870007414,-104.28668449473508
1551304558,vestmannaeyjar,Iceland,40.23,93,48,11.65,54.31531334240955,-21.060013464796583
1551304619,shumikha,Russian Federation,12.06,84,68,3.15,55.19136714140893,63.540757943404486
1551304619,tarumovka,Russian Federation,38.61,87,88,8.41,44.11231636239876,46.579644702180104
1551304316,mar del plata,Argentina,74.61,32,0,0.58,-44.5420390217096,-51.23711287365967
1551304392,tiarei,French Polynesia,86,70,20,8.05,-14.288819980229974,-147.8866114949722
1551301200,ancud,Chile,62.6,63,12,6.93,-39.55686397384597,-82.95425828146841
1551304029,cidreira,Brazil,70.15,82,76,9.98,-48.97757048635787,-32.586377958071296
1551301200,talara,Peru,62.6,290,0,10.29,-5.175458310743323,-83.84981217239853
1551304620,morros,Brazil,75.69,95,92,3.83,-8.805528026958484,-45.67907478027479
1551303907,lebu,Chile,57.73,88,20,17.69,-33.04932568009152,-101.68636316618283
1551304600,campina grande do sul,Brazil,63.52,100,75,9.17,-25.31896131760635,-49.0328823767411
1551304621,faanui,French Polynesia,83.2,100,88,10.76,-12.45499714905894,-154.17863928770782
1551300600,longyearbyen,Svalbard and Jan Mayen,3.2,77,75,6.93,81.99975202707984,23.24979353769288
1551303704,okato,New Zealand,63.55,47,24,10,-38.00923784018407,171.2392933888732
1551304632,am timan,Chad,89.37,28,76,9.19,10.407408111390438,20.422552350345597
1551301200,knysna,South Africa,59,82,0,6.93,-39.89329805814884,22.62572352744297
1551303918,ciudad guayana,"Venezuela, Bolivarian Republic of",86,61,64,8.01,8.232364824153535,-62.52767736066568
1551304492,pasighat,India,50.31,96,92,1.7,27.82912640492097,95.37882518492535
1551304632,derzhavinsk,Kazakhstan,12.06,83,56,6.73,50.87750359068312,65.7994564326032
1551304046,emerald,Australia,73.2,69,44,6.93,-23.620690863955687,145.76361931772266
1551304030,bonavista,Canada,24.01,79,80,37.16,50.88244050234053,-48.63042566303639
1551303859,talnakh,Russian Federation,-28.18,43,0,4.38,81.83411965059042,92.69430265239356
1551301200,pangnirtung,Canada,5,42,5,3.49,66.70931796361623,-67.97870542453137
1551304634,mwinilunga,Zambia,66.78,78,12,2.15,-10.163899434531302,24.272308932891576
1551304038,vila velha,Brazil,80.53,74,40,5.82,-29.511892575013427,-25.834749014001517
1551302400,klaksvik,Faroe Islands,37.4,86,0,12.75,61.639701876424084,-5.088639566434239
1551304634,saharsa,India,60.3,97,92,7.18,25.744058659652325,86.71882317735219
1551304629,feldkirchen-westerham,Germany,37.42,82,0,2.24,47.967544180235365,11.816878062303061
1551304267,lavrentiya,Russian Federation,29.43,96,92,38.61,74.55288775088022,-167.61624209704294
1551301200,ladushkin,Russian Federation,41,80,8,15.66,54.4992615337282,20.105402484025376
1551304635,kochevo,Russian Federation,14.8,89,76,5.95,59.53708376519219,54.49759732193823
1551303000,northam,Australia,68,94,90,5.82,-28.356195034242532,119.04536768865927
1551304636,osa,Russian Federation,20.16,88,92,6.17,53.34112985131378,103.97709632239969
1551304637,kasongo-lunda,"Congo, The Democratic Republic of the",71.46,93,56,3.15,-6.019679486578013,16.283435953461407
1551304637,myaundzha,Russian Federation,-30.47,44,36,2.59,64.0414503682334,147.28577872446425
1551301200,santa cruz,Costa Rica,91.4,41,40,19.46,6.169264012773226,-91.1943591262224
1551304396,gushikawa,Japan,68,88,90,5.82,20.81223218293897,136.32922929885314
1551304610,ostrovnoy,Russian Federation,19.8,88,88,12.44,79.83371457879826,40.48093981203641
1551304638,tomatlan,Mexico,83.47,65,0,3.94,18.414186081475478,-108.25801920364266
1551300000,san patricio,Mexico,82.4,69,20,6.93,9.7591747081173,-109.75098108276784
1551304638,maibong,India,57.1,98,56,0.69,25.380984352615002,93.48263517603357
1551301200,nevelsk,Russian Federation,23,92,75,4.47,46.9939064480005,140.8284696330419
1551304639,kamina,"Congo, The Democratic Republic of the",72.18,89,24,3.15,-8.476220338703953,24.24404441828767
1551300600,tasiilaq,Greenland,32,96,80,19.46,74.89938188874328,-35.76101908905764
1551304639,namatanai,Papua New Guinea,78.93,100,88,6.85,1.3758487432439637,156.59153809615822
1551304640,severo-yeniseyskiy,Russian Federation,19.57,84,80,4.38,63.432198945364405,93.18964313992313
1551300000,acapulco,Mexico,86,62,5,13.87,4.083469115265842,-106.06614392468943
1551304640,dzilam gonzalez,Mexico,91.89,41,32,7.52,22.636888665416166,-89.15948639366083
1551304641,hami,China,15.7,58,0,3.71,37.023459960042715,90.62852373233972
1551304384,khatanga,Russian Federation,-9.37,66,64,8.75,70.63305695389747,104.44002440834737
1551304371,iqaluit,Canada,-4.01,70,20,20.8,58.25641708814109,-68.70130449084266
1551303964,ust-dzheguta,Russian Federation,30,9,80,5.99,44.14213658104799,41.97687159290629
1551304216,griffith,Australia,75.33,50,24,13.87,-33.20275464413451,145.9266852615791
1551304652,lesozavodsk,Russian Federation,20.92,84,24,4.72,45.59633323000213,132.90076933523613
1551304587,lazaro cardenas,Mexico,75.11,16,90,5.82,8.20888874147289,-107.0504209716761
1551304653,rawson,Argentina,75.87,28,0,9.64,-49.57861619303008,-57.554987104468154
1551304528,saint-philippe,Réunion,76.59,69,0,6.93,-36.538502764654226,63.71111019140557
1551304654,port lincoln,Australia,62.37,100,8,6.62,-39.86893469041384,129.20741019672602
1551301200,santa maria,Cabo Verde,71.6,53,0,17.22,16.688080997156163,-22.36597659416509
1551304655,fare,French Polynesia,83.47,99,8,10.98,-10.679775633342516,-149.07515480921145
1551304655,eydhafushi,Maldives,80.95,100,24,4.38,4.762209557520919,73.47458396840867
1551304655,guiratinga,Brazil,75.73,92,64,4.38,-15.974008678431403,-53.892522229819534
1551304656,pringsewu,Indonesia,74.34,95,76,2.37,-5.457512410063416,104.87627849644889
1551304656,cafarnaum,Brazil,79.33,65,36,2.82,-11.922861461567251,-41.30576679922433
1551304082,russell,New Zealand,69.1,81,24,5.99,-30.09875855482253,177.32389632985968
1551301200,ayacucho,Peru,71.6,43,75,5.82,-13.46097085929432,-73.9382797919543
1551304375,inhambane,Mozambique,79.6,96,20,7.63,-22.59080882621329,36.67678638274103
1551304549,romans-sur-isere,France,48.54,79,0,10.29,44.96004013866292,5.275368940051408
1551304657,haines junction,Canada,11.83,83,0,1.14,58.6767735063855,-136.90202270740525
1551304658,naze,Japan,67.45,100,92,14.9,20.420743009465397,138.65371623914876
1551304658,ampanihy,Madagascar,70.47,95,0,3.04,-26.51557450003645,41.30494114459654
1551304658,vredendal,South Africa,59.98,70,0,5.61,-31.17288250095381,18.11369471868025
1551304369,sur,Oman,70.74,97,0,12.1,20.263974977497924,61.58071085186003
1551304445,rundu,Namibia,77.62,56,32,3.27,-18.568842984178048,19.633502129561975
1551304659,adet,Ethiopia,58.45,54,24,2.37,11.102022413853817,37.22978059732384
1551300120,tizimin,Mexico,93.2,30,75,13.87,21.514962481490457,-87.80274184547496
1551301200,neiafu,Tonga,84.2,83,75,13.87,-18.819413246183075,-173.91073232256778
1551304660,terney,Russian Federation,27.99,87,68,8.41,45.59721313872785,137.29851379786578
1551304637,tambun,Indonesia,78.58,88,75,8.05,-4.602822654437631,107.06332712572242
1551304415,alto araguaia,Brazil,72.54,93,68,8.19,-18.145299635637215,-53.326052380297654
1551304661,paciran,Indonesia,72.09,96,12,2.93,-5.323209489721705,112.53278259198788
1551304661,kungurtug,Russian Federation,-10.63,56,12,2.48,50.81656334964546,98.18100801315177
1551304662,ust-ilimsk,Russian Federation,25.56,92,88,5.17,58.84451321164346,101.78151655669325
1551304672,mahuva,India,72.85,98,0,8.63,20.739696255011594,71.81781991106078
1551304672,ust-ishim,Russian Federation,12.87,88,76,5.28,58.57752633373519,70.73810705458988
1551304672,buritizeiro,Brazil,85.63,53,48,4.05,-16.968539748089796,-45.02165402953614
1551303983,bud,Norway,38.05,86,75,14.99,66.99711499153284,5.841198699361627
1551304482,teya,Russian Federation,18.45,79,80,4.72,63.86512127022695,92.3550048162216
1551304507,collie,Australia,61.79,49,8,7.07,-32.68154375432847,116.92342629847059
1551304445,port macquarie,Australia,67.28,88,75,3.36,-31.460467934911883,153.33198791455948
1551304377,verkhnyaya inta,Russian Federation,8.68,62,68,8.41,65.0913169298041,60.70801489451668
1551304264,kahului,United States,72.81,47,40,12.75,32.76334860405517,-152.37089200998355
1551304674,nyurba,Russian Federation,14.58,75,76,6.06,65.37233470167064,116.11662208208139
1551304674,salawagan,Philippines,53.91,84,0,1.7,7.754891289496285,125.15481894167982
1551301200,mount isa,Australia,69.8,88,0,8.41,-22.092559088315767,137.00668049481231
1551303910,tomelloso,Spain,51.44,73,0,3.36,38.8528566564662,-2.8219278627156257
1551304148,kieta,Papua New Guinea,78.52,100,36,4.38,-4.599213613191395,158.75646910336485
1551304503,ferrol,Spain,51.33,76,0,4.7,46.64193472775173,-10.233065086315946
1551304675,richards bay,South Africa,70.74,100,92,4.16,-34.0954195562996,38.03603996989179
1551304516,bekesszentandras,Hungary,41.13,52,0,6.93,46.82605228467247,20.515714340526557
1551304675,malaya serdoba,Russian Federation,22.45,87,68,5.61,52.32841940967646,44.79399710382799
1551304563,mayumba,Gabon,80.32,96,56,5.95,-8.55410521436174,5.36953480157166
1551301200,beira,Mozambique,80.22,88,0,8.97,-19.839383245859707,34.644722398018416
1551304676,gorshechnoye,Russian Federation,28.17,93,92,7.07,51.47302010066207,38.15289005691551
1551304677,viransehir,Turkey,45,97,92,3.6,36.73600478619032,39.589841344290676
1551304677,cabinda,Angola,79.83,100,88,5.61,-5.65532055347758,11.777758899230463
1551304677,almeirim,Brazil,73.48,100,100,3.15,0.5068547091247098,-53.41805394247628
1551303000,kourou,French Guiana,80.6,65,92,9.17,5.1439337960287475,-52.50558656359817
1551304678,myingyan,Myanmar,65.16,89,0,7.74,21.784205655559745,95.31798199576053
1551303904,floro,Norway,39.06,93,75,4.7,61.776768422665725,3.1414837589326794
1551304658,kumba,Cameroon,71.37,95,92,3.15,5.181552643473239,9.19987623280116
1551303000,limbang,Malaysia,74.71,100,75,2.24,3.667938507399299,115.79688225015258
1551304679,sobolevo,Russian Federation,29.79,92,88,13.78,55.481314731032484,156.88096415732667
1551304679,muyezerskiy,Russian Federation,32.49,94,88,5.39,63.56816822377695,30.90716722320181
1551304577,kassala,Sudan,78.7,46,0,12.33,15.13910516002565,35.798674935664536
1551304470,blois,France,43.59,93,0,5.84,47.61394988085888,1.6571417182798598
1551304528,sao filipe,Cabo Verde,74.25,81,0,16.91,14.025140220266294,-29.8022709927655
1551304680,hirara,Japan,74.25,98,76,7.52,19.79265452567502,128.97111428576324
1551304570,huilong,China,43.47,90,80,2.71,32.84368444604199,122.409939294413
1551304692,rumonge,Burundi,72.18,100,76,2.93,-4.552009020008171,28.31627713991739
1551304692,daugavpils,Latvia,33.52,90,56,12.66,56.041847206497835,26.48155672418764
1551301200,alofi,Niue,78.8,94,75,12.75,-21.847854757350703,-169.85817590208254
1551304516,klaebu,Norway,39.15,86,75,40.26,63.71008642728694,12.13726276553163
1551304529,auki,Solomon Islands,80.19,100,0,5.39,-5.211902883152902,163.9033041599492
1551303000,boueni,Mayotte,82.4,78,0,12.75,-13.876194814020778,44.52943820706187
1551304482,livingston,United States,66.74,100,90,3.71,46.427760027863116,-110.42872705504607
1551304693,tacuarembo,Uruguay,68.98,65,0,4.61,-31.27174057677061,-55.86760552692522
1551304693,micheweni,"Tanzania, United Republic of",83.2,100,88,11.65,-5.1746710736529735,40.69098518919813
1551302400,sunndalsora,Norway,39.2,86,75,26.4,62.51808329980426,8.29821288346946
1551304694,san luis,Argentina,83.16,43,0,4.94,-33.51041445362079,-66.3533441488686
1551303739,katsuura,Japan,43.25,100,75,2.24,22.452287947229507,150.09683825811044
1551304695,kavaratti,India,82.44,100,0,11.32,8.658733458239055,67.82863906507296
1551304695,ayagoz,Kazakhstan,17.5,80,76,5.95,47.680489822029216,78.42395345421437
1551304695,lisakovsk,Kazakhstan,-3.52,61,8,3.49,51.8391540575883,62.645461007983585
1551304695,jaisalmer,India,48.33,62,0,2.82,26.754749829713646,69.95674167571207
1551304564,trogir,Croatia,50.43,49,0,5.82,42.79394916384038,16.195922121426946
1551300600,sorland,Norway,35.6,64,75,25.28,71.24656818301597,7.414044544612523
1551303000,urcos,Peru,55.4,71,75,10.29,-13.572675622636282,-71.16383166050204
1551304354,huarmey,Peru,80.91,49,12,3.71,-14.79153927054901,-88.17821532346802
1551304696,nalut,Libya,45.67,96,0,7.96,30.018731800504526,8.321303162333464
1551304696,mozarlandia,Brazil,80.55,80,80,6.4,-14.402237738388209,-50.762917888938944
1551304697,paamiut,Greenland,35.28,77,76,10.98,57.44427807414584,-52.02386395941981
1551303000,kant,Kyrgyzstan,33.8,80,24,8.95,41.79236213704493,74.57942795537917
1551304504,marinette,United States,20.68,85,75,4.7,45.47553799152536,-88.10180669440894
1551304698,atbasar,Kazakhstan,10.93,75,68,3.94,52.72546667630269,68.61100689133124
1551304698,porto,Brazil,76.45,94,76,3.71,-3.984903525478913,-42.69211361908296
1551302400,oksfjord,Norway,23.65,92,75,21.92,71.67074213007814,22.240314850299114
1551304699,betare oya,Cameroon,73.17,75,76,1.81,5.732364130710209,14.225329095107753
1551304700,nadvoitsy,Russian Federation,31.27,92,92,5.73,63.66757995347527,34.49005961692936
1551303935,setermoen,Norway,27.28,74,90,12.75,67.96296779962594,18.569065404075417
1551301200,sola,Vanuatu,86,74,20,11.41,-12.640252211172537,169.22087107460266
1551304702,ambulu,Indonesia,76.59,100,48,2.82,-10.830301224655287,112.92855769167346
1551301200,carnarvon,Australia,73.4,88,40,18.34,-33.69009809407725,85.16972192151962
1551304702,balabac,Philippines,78.88,100,0,15.23,8.711995387014042,115.37372130893954
1551304702,ipameri,Brazil,71.19,100,56,3.15,-17.817475216098913,-47.84009429593584
1551304713,biak,Indonesia,78.12,99,92,2.48,1.8317882906596168,139.38870053882061
1551304624,liverpool,Canada,16,66,48,15.99,39.04808850381181,-61.9771126424741
1551304714,coro,"Venezuela, Bolivarian Republic of",84.28,59,0,12.44,10.74094574598712,-69.64626854237753
1551304705,waterford,United States,21.38,67,1,14.99,42.80070450541234,-83.44837035473029
1551304714,garissa,Kenya,82.8,46,0,10.87,0.049785890159256496,39.19328381108437
1551304714,taltal,Chile,71.95,58,0,4.61,-25.897140712979862,-80.3262443399963
1551304672,sembakung,Indonesia,72.22,94,36,1.48,2.560327423883237,115.97264402503475
1551301200,dawson creek,Canada,26.6,58,1,10.29,54.13235688690236,-120.95519285090717
1551304715,nola,Central African Republic,70.74,88,56,1.92,3.355251010041613,15.911596610592
1551304715,bubaque,Guinea-Bissau,83.88,79,12,14.67,5.724006297495677,-23.09256243745412
1551304715,kushchevskaya,Russian Federation,28.48,91,80,3.04,46.60911667296139,39.63710121352469
1551304716,vostok,Russian Federation,7.65,70,36,2.48,47.768237381134725,151.23929615135353
1551304716,kumbhraj,India,49.18,92,0,4.05,24.108939965948437,77.07903522613452
1551301200,arkhangelsk,Russian Federation,23,100,90,2.24,64.89549621537748,40.404050777993604
1551304716,darhan,Mongolia,5.35,52,0,3.15,46.113211149221314,110.1660682138193
1551302400,kjollefjord,Norway,24.22,73,90,20.8,73.89343533542032,26.976108799155156
1551304396,itoman,Japan,67.98,88,75,11.41,23.670767112072795,128.8384591142448
1551303796,anadyr,Russian Federation,26.29,92,90,22.37,64.73921712425573,175.8213781969127
1551304717,teknaf,Bangladesh,62.37,92,0,3.38,20.753041890422594,91.3664065930086
1551304372,kenora,Canada,5,60,90,12.75,50.474868991951325,-94.84379658903576
1551304504,cockburn town,Turks and Caicos Islands,78.07,97,0,19.48,25.57490326810445,-70.15967053615068
1551301200,rio grande,Brazil,71.6,60,0,6.93,-33.330260548233774,-51.273187423857735
1551301200,rio cuarto,Argentina,80.6,44,20,10.29,-33.67595366147278,-64.12357552082281
1551304719,srednekolymsk,Russian Federation,-11.35,73,76,5.06,68.51266314393641,157.1845475046856
1551304719,makokou,Gabon,69.03,99,92,1.92,0.9462076822671861,13.343488931986514
1551301200,zhuhai,China,15.8,72,0,4.47,21.080203765516615,113.27601460331385
1551301200,alta floresta,Brazil,77,94,75,2.24,-9.984781313419816,-52.68231928959217
1551304231,shache,China,37.99,73,0,3.38,38.04705557940406,75.9074783067118
1551304672,aldan,Russian Federation,13.27,71,68,6.62,58.858314118168835,123.7042234717166
1551304720,marawi,Sudan,73.44,26,48,11.32,19.67466895017121,29.292269167489223
1551304710,jiaxing,China,46.31,87,75,4.47,30.944668457529517,120.66155021064912
1551304720,lovozero,Russian Federation,21.51,85,92,8.97,68.65672300608625,34.976719674746704
1551304720,rokytne,Ukraine,32.04,88,0,12.44,51.14212326155169,27.19766069481446
1551301200,salinas,Ecuador,61.68,59,40,6.93,-2.344109787109673,-83.38005863389657
1551304722,silifke,Turkey,41.67,100,92,2.82,36.770974496883724,33.86645461995636
1551304722,totness,Suriname,80.64,91,80,17.81,7.015089681002991,-55.79537611965503
1551304722,castelo do piaui,Brazil,75.55,92,80,2.59,-5.359724780567504,-41.44042245570253
1551304732,harper,Liberia,83.65,95,32,10.2,-2.857021083463067,-6.8003314983108964
1551304693,vila franca do campo,Portugal,58.1,93,75,13.87,38.93852676413084,-19.85473576617676
1551304734,biloela,Australia,65.52,67,24,10.98,-25.297635327789095,150.779297220672
1551301200,nicoya,Costa Rica,91.4,41,40,19.46,5.441087721089843,-87.44507177461155
1551301200,verkhnetulomskiy,Russian Federation,21.2,79,75,6.71,68.35381482880945,31.71541097494881
1551304220,sinnamary,French Guiana,80.55,89,92,13.22,18.354679371905192,-43.96449023834154
1551304357,rocha,Uruguay,69.7,52,0,7.63,-44.752383650394044,-44.35613113024033
1551304276,kallaste,Estonia,32.95,86,0,9.17,58.6307290778029,27.371142728646873
1551304655,emmett,United States,41.92,100,90,5.82,44.77727157020874,-115.55446808188356
1551304736,kirovskiy,Russian Federation,17.23,72,68,2.93,44.769325589628636,48.36302405168158
1551300960,ketchikan,United States,45.61,52,1,16.11,52.041832270404484,-135.148123422166
1551304736,kautokeino,Norway,20.2,80,36,9.75,68.09664018205356,24.421716741318335
1551304736,canon city,United States,48.78,46,0,9.98,38.76086467799104,-105.43078143875067
1551301200,porto novo,Cabo Verde,71.6,56,20,18.34,13.819300643504661,-39.52560873956793
1551304625,flinders,Australia,70.56,82,40,5.82,-32.989217708277415,135.82935361987649
1551304460,okhotsk,Russian Federation,-3.7,100,48,5.17,58.43723987230862,145.4789521747423
1551304738,queenstown,South Africa,52.33,73,0,2.04,-31.582870259218915,26.766806441545782
1551303912,black river,Jamaica,82.72,69,20,18.34,15.514050843202043,-79.15435751483723
1551301200,hazorasp,Uzbekistan,44.6,70,0,11.41,39.852989155690295,60.14335844920038
1551304739,vokhtoga,Russian Federation,20.52,86,92,14.23,58.7479722587056,40.90579954446747
1551304615,visnes,Norway,41.43,93,8,12.75,58.26750141384332,3.041662539983122
1551304609,ankara,Turkey,28.72,72,0,4.7,39.74861492537474,31.879448687315943
1551300780,gallup,United States,50.97,34,1,14.99,36.34738846903001,-109.0239317568207
1551304024,cabo san lucas,Mexico,76.6,60,75,10.29,21.01851646780557,-112.5976586209485
1551304711,apolda,Germany,43.41,56,0,10.29,51.21982223852228,11.375219419297963
1551303141,tula,Mexico,89.01,59,0,5.01,22.795837010057852,-99.69421114559053
1551301200,yulara,Australia,69.8,32,0,4.7,-24.83638164847966,124.65929938546645
1551304379,panama city,United States,72.09,64,20,5.82,29.32595780000713,-85.76584641610935
1551304741,lyuban,Belarus,32.13,85,0,13.44,52.54041449065656,28.464239044938353
1551302400,alghero,Italy,42.8,100,0,3.36,40.32874343212302,6.910443892978435
1551304741,namibe,Angola,77.76,100,24,1.59,-15.851017532210008,9.350040660870604
1551304717,fiorano modenese,Italy,48.47,57,0,4.7,44.45467047373717,10.7992813235401
1551301200,smolenka,Russian Federation,17.2,78,75,13.42,52.92926156384033,113.06466317259412
1551304743,yar-sale,Russian Federation,3.37,81,56,24.07,77.00309619156539,69.32700711010787
1551304746,half moon bay,United States,58.37,82,90,14.99,36.827848307568445,-123.62078266410535
1551304674,hualmay,Peru,78.97,61,8,5.17,-12.626522784467923,-79.39032492270901
1551304754,xining,China,14.76,83,56,2.48,35.31903145415079,98.54728076799978
1551304755,ratnapura,Sri Lanka,68.85,97,76,2.93,6.5856760331224535,80.63856215716902
1551304755,pandan,Philippines,77.4,100,24,20.71,18.626109084795416,128.85869742882892
1551304755,umm kaddadah,Sudan,77.31,21,0,14,16.850878171096753,26.96186672621309
1551301200,smithers,Canada,21.2,53,20,2.48,56.987371566460354,-126.45064922044062
1551304482,margate,South Africa,71.23,91,76,3.6,-38.82379144623799,40.80826922404205
1551301200,oudtshoorn,South Africa,59,82,0,6.93,-32.78911365744248,21.611451241832754
1551304633,road town,"Virgin Islands, British",77.4,74,40,11.41,20.210942351121716,-64.2493371061241
1551302400,karasjok,Norway,21.2,67,75,16.11,69.18176170103149,26.940079889375795
1551304739,nevers,France,45.07,70,0,2.93,47.056473025295105,3.6060209156824214
1551304701,dingle,Ireland,50.31,93,68,5.73,51.30636088959662,-21.328273456371505
1551304757,roma,Australia,65.83,70,0,11.77,-25.903682134514682,144.47650402661287
1551303000,budureasa,Romania,32,81,0,6.93,46.73490339528519,22.609931896850867
1551301200,pueblo nuevo,Peru,71.6,30,0,16.11,-5.5435817878606315,-79.93413744755662
1551304692,westport,Ireland,42.58,93,20,15.01,55.905178076661116,-11.134427078869322
1551304758,vilhena,Brazil,73.48,91,100,1.25,-10.798472157179845,-59.16342707438463
1551304616,ivankiv,Ukraine,33.91,64,64,11.18,51.663186162032304,29.92433594236911
1551304759,bandarbeyla,Somalia,75.87,100,0,2.15,6.509542481958945,57.770404933355564
1551301200,terrace bay,Canada,12.2,61,75,5.82,48.88235314290745,-87.82079340064936
1551301200,yemelyanovo,Russian Federation,28.4,86,40,13.42,56.41021743836964,92.34682295458066
1551304354,nemuro,Japan,31.27,93,56,14.23,39.41554450797244,149.56982374567497
1551304477,belaya gora,Russian Federation,-16.3,70,76,4.38,67.68132418752842,145.95215168793783
1551301200,narrabri,Australia,69.8,49,68,4.7,-30.616042253352788,149.5574639144707
1551304761,belogorsk,Russian Federation,3.55,62,20,3.15,50.62232596566719,128.54028482101023
1551304761,tingi,"Tanzania, United Republic of",78.57,100,8,2.93,-11.594712031219458,35.161338872376376
1551304762,santa helena,Brazil,75.33,96,92,7.4,-2.1242171460524872,-45.105859773141646
1551304762,batie,Burkina Faso,81.58,21,64,9.75,10.162768379453297,-2.9648219228486994
1551301200,broome,Australia,86,74,40,3.36,-23.016436187506656,123.21983655233481
1551301200,nouadhibou,Mauritania,71.6,40,0,9.17,19.50098022064742,-17.10383927488624
1551304617,karratha,Australia,77.67,93,0,5.39,-19.72832144903144,116.26425479505286
1551304764,lubao,"Congo, The Democratic Republic of the",74.61,89,36,2.82,-5.453285662543777,24.947100129457084
1551304531,talaya,Russian Federation,18.73,85,40,13.42,59.184118511792605,154.92500387058067
1551304392,tautira,French Polynesia,86,70,20,8.05,-18.646864111453624,-145.17117623945217
1551304775,neftcala,Azerbaijan,41.31,100,76,4.38,38.84187206153888,49.89584078045331
1551304584,tura,Russian Federation,12.82,79,76,3.71,65.7353378636027,102.74845162482654
1551304776,porbandar,India,64.57,73,0,7.96,20.3506191998911,67.9901277306424
1551304776,taoudenni,Mali,59.08,19,0,10.98,23.971564492736064,-6.943191961638348
1551304777,chifeng,China,18.85,67,0,5.61,45.11019114897678,118.54606738841176
1551302400,nevsehir,Turkey,32,88,75,5.82,38.66543002802351,35.06239984040246
1551304016,carmen,Costa Rica,74.75,60,40,18.34,10.729069616299455,-83.21386258354913
1551304777,cravo norte,Colombia,97.83,27,0,11.43,6.676913135163758,-69.1807807789203
1551304214,ixtapa,Mexico,78.89,74,5,8.05,16.09917424105126,-102.23038380047227
1551304778,turbat,Pakistan,54.72,85,20,2.71,27.057183787554735,63.61789729152218
1551304778,carutapera,Brazil,78.7,88,92,7.07,3.315372940580872,-43.498450941559526
1551304646,angouleme,France,49.46,53,0,2.24,45.95151178434622,0.0018459718064036679
1551304779,aksarka,Russian Federation,5.76,80,68,20.04,65.31724322568601,68.05262854181626
1551304779,paratebueno,Colombia,95.4,26,24,5.17,4.472312901414355,-73.17575879602506
1551304779,dutlwe,Botswana,76.14,24,0,10.65,-23.96816679850197,23.915574564488395
1551304686,lincoln,New Zealand,55.08,54,20,14.99,-46.685166817615325,174.92427184328875
1551303931,cody,United States,16.7,66,1,2.15,44.40509428789312,-108.99381549402224
1551304780,moron,Mongolia,3.87,54,0,2.26,50.12065060137871,101.23094453965797
1551304780,mecca,Saudi Arabia,70.92,44,56,4.61,20.768578767074956,40.475922929115626
1551303908,torquay,Australia,73.33,68,75,9.17,-24.64918878243509,152.97462106281893
1551302400,bjornevatn,Norway,18.97,73,75,19.46,68.99652918253403,29.50920591045451
1551301200,najran,Saudi Arabia,80.6,30,20,6.93,17.50995097227704,46.75294283919939
1551301200,husavik,Iceland,33.8,74,0,13.87,69.50984655973971,-17.297138733729298
1551304783,sangar,Russian Federation,-22.73,64,12,2.71,63.51880616528621,125.99126276054687
1551304784,ankang,China,21.69,77,0,2.48,32.734785043135176,109.74085854790013
1551304421,cairns,Australia,73.92,78,75,12.75,-14.881295044192058,146.64107985416257
1551304629,lagoa,Portugal,55.26,87,20,6.93,43.24884440836544,-29.64602606881195
1551304784,bhadrachalam,India,68.35,95,48,2.59,18.044053722062003,81.12434711437209
1551303961,san lawrenz,Malta,48.72,81,20,3.36,35.119505129699505,13.141122370656518
1551304785,buzdyak,Russian Federation,13.59,89,88,8.97,54.54334504516402,54.62344537870206
1551304786,orapa,Botswana,71.01,70,44,6.17,-21.187948087098945,25.45625489880885
1551304786,dunda,"Tanzania, United Republic of",64.08,96,12,1.92,-8.295335075626028,34.43170975507604
1551304583,ahuimanu,United States,70.57,67,75,24.16,37.17509887903836,-151.90309318754214
1551304797,uray,Russian Federation,-6.13,70,0,2.59,60.102686723650606,64.47446056648306
1551301200,nhulunbuy,Australia,78.8,94,40,11.99,-11.012306100775007,139.0540328683834
1551304798,ambunti,Papua New Guinea,77.85,87,68,1.25,-4.423099706035913,142.66958016779859
1551304511,maragogi,Brazil,80.91,80,8,8.86,-13.982215893415557,-26.468777248205015
1551300600,qaqortoq,Greenland,41,38,68,42.5,65.76127902372193,-43.75703206105905
1551302400,honningsvag,Norway,23.59,73,90,20.8,78.79093175892964,25.733129159669744
1551304396,bratsk,Russian Federation,25.32,58,20,6.71,56.32660695428544,102.21310714773517
1551304748,braintree,United Kingdom,44.02,76,0,2.24,52.01054221594086,0.3580763055204841
1551304745,ansbach,Germany,40.14,81,0,6.93,49.35476034359337,10.731448708418384
1551304799,la macarena,Colombia,94.32,25,20,3.04,2.4475654740619035,-73.36997766243005
1551300600,berlevag,Norway,22.32,62,75,24.16,73.34242820437632,29.302879915587425
1551303239,belmonte,Brazil,73.99,68,8,5.28,-16.1755574011015,-34.471808537412386
1551300600,ilulissat,Greenland,24.8,53,5,17.22,72.98997403632643,-46.038087967413674
1551304813,dalbandin,Pakistan,46.12,44,92,6.62,28.20091981988159,63.63071993539245
1551304815,tezu,India,46.26,97,92,1.81,28.680853698798913,96.08513037349616
1551301200,matagami,Canada,14,51,1,4.7,52.61538751641922,-77.03706657237322
1551304814,sydney mines,Canada,13.05,66,75,23.04,46.259289662100116,-60.21120423367255
1551304396,tomigusuku,Japan,67.98,88,75,11.41,26.55904866333448,126.04800474037239
1551304816,kizhinga,Russian Federation,9,63,0,4.94,51.84362620993045,110.17904816379655
1551304735,nautla,Mexico,76.14,97,0,13.67,21.506531886586842,-95.25275170854181
1551304683,morong,Philippines,75.72,73,20,4.7,14.578916816690139,120.24095376252552
1551301200,fort nelson,Canada,24.8,73,40,4.7,62.63147938757518,-121.19078686458522
1551301200,antofagasta,Chile,73.4,60,20,12.75,-23.457149265156374,-71.26049541548437
1551304820,kumluca,Turkey,22.32,83,32,1.7,35.306074393737774,30.282246997920225
1551301200,marovoay,Madagascar,80.6,88,40,4.16,-17.03230816581248,45.55067921447534
1551304821,nushki,Pakistan,34.47,54,76,3.6,29.653602062706312,66.0550826670761
1551304823,arkhipo-osipovka,Russian Federation,32.67,100,8,4.61,43.4875619477653,38.063339209728355
1551304824,eldama ravine,Kenya,52.42,77,0,2.59,0.09358941088355266,35.71734572468537
1551301200,vicuna,Chile,68,68,20,12.75,-29.90136303884421,-70.59829358816437
1551304824,hollins,United States,51.93,49,40,8.05,37.53094891065278,-79.75902993414002
1551304516,kingaroy,Australia,66.2,88,40,8.05,-26.44161805217442,152.14565323692415
1551300960,yankton,United States,10.4,60,1,13.87,43.23808457339385,-97.34283119912898
